<?xml version="1.0" ?>
<!-- Items in the Jazz Warehouse catalog -->
<rare_items>
    <title>Rare Items</title>
    <subtitle>A complete list of rare jazz records.</subtitle>
    <item>
        <artist>Miles Davis</artist>
        <record>Kind &gt;of Blue</record>
        <year>1959</year>
        <label>Columbia</label>
        <condition>mint</condition>
        <priceus>US: $11.99</priceus>
        <priceuk>UK: &#165;8.39</priceuk>
    </item>
    <item>
        <artist>Miles Davis</artist>
        <record>Cookin'</record>
        <year>1957</year>
        <label>Prestige</label>
        <condition>poor</condition>
        <priceus>US: $7.99</priceus>
        <priceuk>UK: &#163;5.59</priceuk>
    </item>
    <item>
        <artist>John Coltrane</artist>
        <record>Blue Train</record>
        <year>1958</year>
        <label>Blue Note</label>
        <condition>fine</condition>
        <priceus>US: $8.99</priceus>
        <priceuk>UK: &#163;6.29</priceuk>
    </item>
    <message>
        <![CDATA[
          Here are some of the latest specials from the Jazz Warehouse.
          Please note that all Miles Davis & John Coltrane CDs will be
          on sale for the month of March.
        ]]>
    </message>
</rare_items>