<?xml version="1.0" encoding="UTF-8"?>



<customers>
   <motel motelID="mot020" custID="cust001" customerRating="5"/>
   <motel motelID="mot047" custID="cust002" customerRating="5"/>
   <motel motelID="mot018" custID="cust003" customerRating="5"/>
   <motel motelID="mot049" custID="cust004" customerRating="5"/>
   <motel motelID="mot026" custID="cust005" customerRating="5"/>
   <motel motelID="mot004" custID="cust006" customerRating="4"/>
   <motel motelID="mot031" custID="cust007" customerRating="4"/>
   <motel motelID="mot002" custID="cust008" customerRating="4"/>
   <motel motelID="mot007" custID="cust009" customerRating="4"/>
   <motel motelID="mot008" custID="cust010" customerRating="4"/>
   <motel motelID="mot019" custID="cust011" customerRating="4"/>
   <motel motelID="mot028" custID="cust012" customerRating="4"/>
   <motel motelID="mot039" custID="cust013" customerRating="4"/>
   <motel motelID="mot043" custID="cust014" customerRating="4"/>
   <motel motelID="mot003" custID="cust015" customerRating="4"/>
   <motel motelID="mot015" custID="cust016" customerRating="4"/>
   <motel motelID="mot050" custID="cust017" customerRating="4"/>
   <motel motelID="mot001" custID="cust018" customerRating="4"/>
   <motel motelID="mot012" custID="cust019" customerRating="4"/>
   <motel motelID="mot010" custID="cust020" customerRating="3"/>
   <motel motelID="mot013" custID="cust021" customerRating="3"/>
   <motel motelID="mot009" custID="cust022" customerRating="3"/>
   <motel motelID="mot016" custID="cust023" customerRating="3"/>
   <motel motelID="mot021" custID="cust024" customerRating="3"/>
   <motel motelID="mot022" custID="cust025" customerRating="3"/>
   <motel motelID="mot027" custID="cust026" customerRating="3"/>
   <motel motelID="mot033" custID="cust027" customerRating="3"/>
   <motel motelID="mot037" custID="cust028" customerRating="3"/>
   <motel motelID="mot038" custID="cust029" customerRating="3"/>
   <motel motelID="mot054" custID="cust030" customerRating="3"/>
   <motel motelID="mot005" custID="cust031" customerRating="3"/>
   <motel motelID="mot041" custID="cust032" customerRating="3"/>
   <motel motelID="mot044" custID="cust033" customerRating="3"/>
   <motel motelID="mot006" custID="cust034" customerRating="2"/>
   <motel motelID="mot053" custID="cust035" customerRating="2"/>
   <motel motelID="mot023" custID="cust036" customerRating="2"/>
   <motel motelID="mot057" custID="cust037" customerRating="2"/>
   <motel motelID="mot042" custID="cust038" customerRating="2"/>
   <motel motelID="mot046" custID="cust039" customerRating="2"/>
   <motel motelID="mot048" custID="cust040" customerRating="2"/>
   <motel motelID="mot051" custID="cust041" customerRating="2"/>
   <motel motelID="mot040" custID="cust042" customerRating="2"/>
   <motel motelID="mot011" custID="cust043" customerRating="1"/>
   <motel motelID="mot032" custID="cust044" customerRating="1"/>
   <motel motelID="mot035" custID="cust045" customerRating="1"/>
   <motel motelID="mot045" custID="cust046" customerRating="1"/>
   <motel motelID="mot055" custID="cust047" customerRating="1"/>
   <motel motelID="mot056" custID="cust048" customerRating="1"/>
   <motel motelID="mot058" custID="cust049" customerRating="1"/>
   <motel motelID="mot024" custID="cust050" customerRating="1"/>
   <motel motelID="mot029" custID="cust051" customerRating="1"/>
   <motel motelID="mot030" custID="cust052" customerRating="1"/>
   <motel motelID="mot052" custID="cust053" customerRating="1"/>
   <motel motelID="mot014" custID="cust054" customerRating="1"/>
   <motel motelID="mot017" custID="cust055" customerRating="1"/>
   <motel motelID="mot025" custID="cust056" customerRating="1"/>
   <motel motelID="mot034" custID="cust057" customerRating="1"/>
   <motel motelID="mot036" custID="cust058" customerRating="1"/>
   <motel motelID="mot010" custID="cust059" customerRating="5"/>
   <motel motelID="mot013" custID="cust060" customerRating="5"/>
   <motel motelID="mot047" custID="cust061" customerRating="5"/>
   <motel motelID="mot007" custID="cust062" customerRating="5"/>
   <motel motelID="mot008" custID="cust063" customerRating="5"/>
   <motel motelID="mot045" custID="cust064" customerRating="5"/>
   <motel motelID="mot009" custID="cust065" customerRating="5"/>
   <motel motelID="mot041" custID="cust066" customerRating="5"/>
   <motel motelID="mot020" custID="cust067" customerRating="4"/>
   <motel motelID="mot031" custID="cust068" customerRating="4"/>
   <motel motelID="mot002" custID="cust069" customerRating="4"/>
   <motel motelID="mot011" custID="cust070" customerRating="4"/>
   <motel motelID="mot018" custID="cust071" customerRating="4"/>
   <motel motelID="mot019" custID="cust072" customerRating="4"/>
   <motel motelID="mot028" custID="cust073" customerRating="4"/>
   <motel motelID="mot043" custID="cust074" customerRating="4"/>
   <motel motelID="mot056" custID="cust075" customerRating="4"/>
   <motel motelID="mot003" custID="cust076" customerRating="4"/>
   <motel motelID="mot022" custID="cust077" customerRating="4"/>
   <motel motelID="mot057" custID="cust078" customerRating="4"/>
   <motel motelID="mot005" custID="cust079" customerRating="4"/>
   <motel motelID="mot046" custID="cust080" customerRating="4"/>
   <motel motelID="mot006" custID="cust081" customerRating="3"/>
   <motel motelID="mot049" custID="cust082" customerRating="3"/>
   <motel motelID="mot058" custID="cust083" customerRating="3"/>
   <motel motelID="mot015" custID="cust084" customerRating="3"/>
   <motel motelID="mot026" custID="cust085" customerRating="3"/>
   <motel motelID="mot027" custID="cust086" customerRating="3"/>
   <motel motelID="mot029" custID="cust087" customerRating="3"/>
   <motel motelID="mot037" custID="cust088" customerRating="3"/>
   <motel motelID="mot038" custID="cust089" customerRating="3"/>
   <motel motelID="mot050" custID="cust090" customerRating="3"/>
   <motel motelID="mot052" custID="cust091" customerRating="3"/>
   <motel motelID="mot012" custID="cust092" customerRating="3"/>
   <motel motelID="mot017" custID="cust093" customerRating="3"/>
   <motel motelID="mot025" custID="cust094" customerRating="3"/>
   <motel motelID="mot042" custID="cust095" customerRating="3"/>
   <motel motelID="mot048" custID="cust096" customerRating="3"/>
   <motel motelID="mot039" custID="cust097" customerRating="2"/>
   <motel motelID="mot055" custID="cust098" customerRating="2"/>
   <motel motelID="mot021" custID="cust099" customerRating="2"/>
   <motel motelID="mot023" custID="cust100" customerRating="2"/>
   <motel motelID="mot033" custID="cust101" customerRating="2"/>
   <motel motelID="mot001" custID="cust102" customerRating="2"/>
   <motel motelID="mot014" custID="cust103" customerRating="2"/>
   <motel motelID="mot036" custID="cust104" customerRating="2"/>
   <motel motelID="mot004" custID="cust105" customerRating="1"/>
   <motel motelID="mot032" custID="cust106" customerRating="1"/>
   <motel motelID="mot035" custID="cust107" customerRating="1"/>
   <motel motelID="mot053" custID="cust108" customerRating="1"/>
   <motel motelID="mot016" custID="cust109" customerRating="1"/>
   <motel motelID="mot024" custID="cust110" customerRating="1"/>
   <motel motelID="mot030" custID="cust111" customerRating="1"/>
   <motel motelID="mot054" custID="cust112" customerRating="1"/>
   <motel motelID="mot034" custID="cust113" customerRating="1"/>
   <motel motelID="mot044" custID="cust114" customerRating="1"/>
   <motel motelID="mot051" custID="cust115" customerRating="1"/>
   <motel motelID="mot040" custID="cust116" customerRating="1"/>
   <motel motelID="mot004" custID="cust117" customerRating="5"/>
   <motel motelID="mot010" custID="cust118" customerRating="5"/>
   <motel motelID="mot013" custID="cust119" customerRating="5"/>
   <motel motelID="mot011" custID="cust120" customerRating="5"/>
   <motel motelID="mot049" custID="cust121" customerRating="5"/>
   <motel motelID="mot015" custID="cust122" customerRating="5"/>
   <motel motelID="mot029" custID="cust123" customerRating="5"/>
   <motel motelID="mot020" custID="cust124" customerRating="4"/>
   <motel motelID="mot031" custID="cust125" customerRating="4"/>
   <motel motelID="mot002" custID="cust126" customerRating="4"/>
   <motel motelID="mot008" custID="cust127" customerRating="4"/>
   <motel motelID="mot032" custID="cust128" customerRating="4"/>
   <motel motelID="mot039" custID="cust129" customerRating="4"/>
   <motel motelID="mot045" custID="cust130" customerRating="4"/>
   <motel motelID="mot058" custID="cust131" customerRating="4"/>
   <motel motelID="mot009" custID="cust132" customerRating="4"/>
   <motel motelID="mot022" custID="cust133" customerRating="4"/>
   <motel motelID="mot027" custID="cust134" customerRating="4"/>
   <motel motelID="mot017" custID="cust135" customerRating="4"/>
   <motel motelID="mot034" custID="cust136" customerRating="4"/>
   <motel motelID="mot047" custID="cust137" customerRating="3"/>
   <motel motelID="mot006" custID="cust138" customerRating="3"/>
   <motel motelID="mot043" custID="cust139" customerRating="3"/>
   <motel motelID="mot055" custID="cust140" customerRating="3"/>
   <motel motelID="mot003" custID="cust141" customerRating="3"/>
   <motel motelID="mot023" custID="cust142" customerRating="3"/>
   <motel motelID="mot030" custID="cust143" customerRating="3"/>
   <motel motelID="mot052" custID="cust144" customerRating="3"/>
   <motel motelID="mot054" custID="cust145" customerRating="3"/>
   <motel motelID="mot042" custID="cust146" customerRating="3"/>
   <motel motelID="mot018" custID="cust147" customerRating="2"/>
   <motel motelID="mot028" custID="cust148" customerRating="2"/>
   <motel motelID="mot056" custID="cust149" customerRating="2"/>
   <motel motelID="mot021" custID="cust150" customerRating="2"/>
   <motel motelID="mot026" custID="cust151" customerRating="2"/>
   <motel motelID="mot037" custID="cust152" customerRating="2"/>
   <motel motelID="mot057" custID="cust153" customerRating="2"/>
   <motel motelID="mot005" custID="cust154" customerRating="2"/>
   <motel motelID="mot012" custID="cust155" customerRating="2"/>
   <motel motelID="mot014" custID="cust156" customerRating="2"/>
   <motel motelID="mot025" custID="cust157" customerRating="2"/>
   <motel motelID="mot041" custID="cust158" customerRating="2"/>
   <motel motelID="mot051" custID="cust159" customerRating="2"/>
   <motel motelID="mot007" custID="cust160" customerRating="1"/>
   <motel motelID="mot019" custID="cust161" customerRating="1"/>
   <motel motelID="mot035" custID="cust162" customerRating="1"/>
   <motel motelID="mot053" custID="cust163" customerRating="1"/>
   <motel motelID="mot016" custID="cust164" customerRating="1"/>
   <motel motelID="mot024" custID="cust165" customerRating="1"/>
   <motel motelID="mot033" custID="cust166" customerRating="1"/>
   <motel motelID="mot038" custID="cust167" customerRating="1"/>
   <motel motelID="mot050" custID="cust168" customerRating="1"/>
   <motel motelID="mot001" custID="cust169" customerRating="1"/>
   <motel motelID="mot036" custID="cust170" customerRating="1"/>
   <motel motelID="mot044" custID="cust171" customerRating="1"/>
   <motel motelID="mot046" custID="cust172" customerRating="1"/>
   <motel motelID="mot048" custID="cust173" customerRating="1"/>
   <motel motelID="mot040" custID="cust174" customerRating="1"/>
   <motel motelID="mot004" custID="cust175" customerRating="5"/>
   <motel motelID="mot013" custID="cust176" customerRating="5"/>
   <motel motelID="mot031" custID="cust177" customerRating="5"/>
   <motel motelID="mot007" custID="cust178" customerRating="5"/>
   <motel motelID="mot008" custID="cust179" customerRating="5"/>
   <motel motelID="mot019" custID="cust180" customerRating="5"/>
   <motel motelID="mot028" custID="cust181" customerRating="5"/>
   <motel motelID="mot032" custID="cust182" customerRating="5"/>
   <motel motelID="mot027" custID="cust183" customerRating="5"/>
   <motel motelID="mot030" custID="cust184" customerRating="5"/>
   <motel motelID="mot050" custID="cust185" customerRating="5"/>
   <motel motelID="mot010" custID="cust186" customerRating="4"/>
   <motel motelID="mot020" custID="cust187" customerRating="4"/>
   <motel motelID="mot047" custID="cust188" customerRating="4"/>
   <motel motelID="mot006" custID="cust189" customerRating="4"/>
   <motel motelID="mot011" custID="cust190" customerRating="4"/>
   <motel motelID="mot018" custID="cust191" customerRating="4"/>
   <motel motelID="mot035" custID="cust192" customerRating="4"/>
   <motel motelID="mot053" custID="cust193" customerRating="4"/>
   <motel motelID="mot055" custID="cust194" customerRating="4"/>
   <motel motelID="mot029" custID="cust195" customerRating="4"/>
   <motel motelID="mot002" custID="cust196" customerRating="3"/>
   <motel motelID="mot045" custID="cust197" customerRating="3"/>
   <motel motelID="mot056" custID="cust198" customerRating="3"/>
   <motel motelID="mot058" custID="cust199" customerRating="3"/>
   <motel motelID="mot003" custID="cust200" customerRating="3"/>
   <motel motelID="mot021" custID="cust201" customerRating="3"/>
   <motel motelID="mot022" custID="cust202" customerRating="3"/>
   <motel motelID="mot024" custID="cust203" customerRating="3"/>
   <motel motelID="mot037" custID="cust204" customerRating="3"/>
   <motel motelID="mot038" custID="cust205" customerRating="3"/>
   <motel motelID="mot052" custID="cust206" customerRating="3"/>
   <motel motelID="mot054" custID="cust207" customerRating="3"/>
   <motel motelID="mot057" custID="cust208" customerRating="3"/>
   <motel motelID="mot005" custID="cust209" customerRating="3"/>
   <motel motelID="mot012" custID="cust210" customerRating="3"/>
   <motel motelID="mot039" custID="cust211" customerRating="2"/>
   <motel motelID="mot049" custID="cust212" customerRating="2"/>
   <motel motelID="mot009" custID="cust213" customerRating="2"/>
   <motel motelID="mot023" custID="cust214" customerRating="2"/>
   <motel motelID="mot033" custID="cust215" customerRating="2"/>
   <motel motelID="mot001" custID="cust216" customerRating="2"/>
   <motel motelID="mot014" custID="cust217" customerRating="2"/>
   <motel motelID="mot017" custID="cust218" customerRating="2"/>
   <motel motelID="mot036" custID="cust219" customerRating="2"/>
   <motel motelID="mot044" custID="cust220" customerRating="2"/>
   <motel motelID="mot051" custID="cust221" customerRating="2"/>
   <motel motelID="mot040" custID="cust222" customerRating="2"/>
   <motel motelID="mot043" custID="cust223" customerRating="1"/>
   <motel motelID="mot015" custID="cust224" customerRating="1"/>
   <motel motelID="mot016" custID="cust225" customerRating="1"/>
   <motel motelID="mot026" custID="cust226" customerRating="1"/>
   <motel motelID="mot025" custID="cust227" customerRating="1"/>
   <motel motelID="mot034" custID="cust228" customerRating="1"/>
   <motel motelID="mot041" custID="cust229" customerRating="1"/>
   <motel motelID="mot042" custID="cust230" customerRating="1"/>
   <motel motelID="mot046" custID="cust231" customerRating="1"/>
   <motel motelID="mot048" custID="cust232" customerRating="1"/>
   <motel motelID="mot020" custID="cust233" customerRating="5"/>
   <motel motelID="mot031" custID="cust234" customerRating="5"/>
   <motel motelID="mot047" custID="cust235" customerRating="5"/>
   <motel motelID="mot011" custID="cust236" customerRating="5"/>
   <motel motelID="mot018" custID="cust237" customerRating="5"/>
   <motel motelID="mot035" custID="cust238" customerRating="5"/>
   <motel motelID="mot045" custID="cust239" customerRating="5"/>
   <motel motelID="mot053" custID="cust240" customerRating="5"/>
   <motel motelID="mot056" custID="cust241" customerRating="5"/>
   <motel motelID="mot058" custID="cust242" customerRating="5"/>
   <motel motelID="mot021" custID="cust243" customerRating="5"/>
   <motel motelID="mot022" custID="cust244" customerRating="5"/>
   <motel motelID="mot006" custID="cust245" customerRating="4"/>
   <motel motelID="mot007" custID="cust246" customerRating="4"/>
   <motel motelID="mot008" custID="cust247" customerRating="4"/>
   <motel motelID="mot032" custID="cust248" customerRating="4"/>
   <motel motelID="mot009" custID="cust249" customerRating="4"/>
   <motel motelID="mot024" custID="cust250" customerRating="4"/>
   <motel motelID="mot026" custID="cust251" customerRating="4"/>
   <motel motelID="mot030" custID="cust252" customerRating="4"/>
   <motel motelID="mot037" custID="cust253" customerRating="4"/>
   <motel motelID="mot001" custID="cust254" customerRating="4"/>
   <motel motelID="mot034" custID="cust255" customerRating="4"/>
   <motel motelID="mot004" custID="cust256" customerRating="3"/>
   <motel motelID="mot013" custID="cust257" customerRating="3"/>
   <motel motelID="mot019" custID="cust258" customerRating="3"/>
   <motel motelID="mot039" custID="cust259" customerRating="3"/>
   <motel motelID="mot043" custID="cust260" customerRating="3"/>
   <motel motelID="mot049" custID="cust261" customerRating="3"/>
   <motel motelID="mot015" custID="cust262" customerRating="3"/>
   <motel motelID="mot023" custID="cust263" customerRating="3"/>
   <motel motelID="mot027" custID="cust264" customerRating="3"/>
   <motel motelID="mot029" custID="cust265" customerRating="3"/>
   <motel motelID="mot033" custID="cust266" customerRating="3"/>
   <motel motelID="mot052" custID="cust267" customerRating="3"/>
   <motel motelID="mot054" custID="cust268" customerRating="3"/>
   <motel motelID="mot057" custID="cust269" customerRating="3"/>
   <motel motelID="mot017" custID="cust270" customerRating="3"/>
   <motel motelID="mot051" custID="cust271" customerRating="3"/>
   <motel motelID="mot010" custID="cust272" customerRating="2"/>
   <motel motelID="mot002" custID="cust273" customerRating="2"/>
   <motel motelID="mot055" custID="cust274" customerRating="2"/>
   <motel motelID="mot003" custID="cust275" customerRating="2"/>
   <motel motelID="mot016" custID="cust276" customerRating="2"/>
   <motel motelID="mot005" custID="cust277" customerRating="2"/>
   <motel motelID="mot012" custID="cust278" customerRating="2"/>
   <motel motelID="mot014" custID="cust279" customerRating="2"/>
   <motel motelID="mot025" custID="cust280" customerRating="2"/>
   <motel motelID="mot041" custID="cust281" customerRating="2"/>
   <motel motelID="mot048" custID="cust282" customerRating="2"/>
   <motel motelID="mot028" custID="cust283" customerRating="1"/>
   <motel motelID="mot038" custID="cust284" customerRating="1"/>
   <motel motelID="mot050" custID="cust285" customerRating="1"/>
   <motel motelID="mot036" custID="cust286" customerRating="1"/>
   <motel motelID="mot042" custID="cust287" customerRating="1"/>
   <motel motelID="mot044" custID="cust288" customerRating="1"/>
   <motel motelID="mot046" custID="cust289" customerRating="1"/>
   <motel motelID="mot040" custID="cust290" customerRating="1"/>
   <motel motelID="mot004" custID="cust291" customerRating="5"/>
   <motel motelID="mot013" custID="cust292" customerRating="5"/>
   <motel motelID="mot031" custID="cust293" customerRating="5"/>
   <motel motelID="mot047" custID="cust294" customerRating="5"/>
   <motel motelID="mot053" custID="cust295" customerRating="5"/>
   <motel motelID="mot058" custID="cust296" customerRating="5"/>
   <motel motelID="mot003" custID="cust297" customerRating="5"/>
   <motel motelID="mot023" custID="cust298" customerRating="5"/>
   <motel motelID="mot033" custID="cust299" customerRating="5"/>
   <motel motelID="mot005" custID="cust300" customerRating="5"/>
   <motel motelID="mot002" custID="cust301" customerRating="4"/>
   <motel motelID="mot011" custID="cust302" customerRating="4"/>
   <motel motelID="mot018" custID="cust303" customerRating="4"/>
   <motel motelID="mot019" custID="cust304" customerRating="4"/>
   <motel motelID="mot032" custID="cust305" customerRating="4"/>
   <motel motelID="mot039" custID="cust306" customerRating="4"/>
   <motel motelID="mot043" custID="cust307" customerRating="4"/>
   <motel motelID="mot021" custID="cust308" customerRating="4"/>
   <motel motelID="mot022" custID="cust309" customerRating="4"/>
   <motel motelID="mot010" custID="cust310" customerRating="3"/>
   <motel motelID="mot020" custID="cust311" customerRating="3"/>
   <motel motelID="mot007" custID="cust312" customerRating="3"/>
   <motel motelID="mot028" custID="cust313" customerRating="3"/>
   <motel motelID="mot055" custID="cust314" customerRating="3"/>
   <motel motelID="mot015" custID="cust315" customerRating="3"/>
   <motel motelID="mot027" custID="cust316" customerRating="3"/>
   <motel motelID="mot029" custID="cust317" customerRating="3"/>
   <motel motelID="mot037" custID="cust318" customerRating="3"/>
   <motel motelID="mot038" custID="cust319" customerRating="3"/>
   <motel motelID="mot050" custID="cust320" customerRating="3"/>
   <motel motelID="mot057" custID="cust321" customerRating="3"/>
   <motel motelID="mot006" custID="cust322" customerRating="2"/>
   <motel motelID="mot008" custID="cust323" customerRating="2"/>
   <motel motelID="mot035" custID="cust324" customerRating="2"/>
   <motel motelID="mot045" custID="cust325" customerRating="2"/>
   <motel motelID="mot049" custID="cust326" customerRating="2"/>
   <motel motelID="mot009" custID="cust327" customerRating="2"/>
   <motel motelID="mot016" custID="cust328" customerRating="2"/>
   <motel motelID="mot024" custID="cust329" customerRating="2"/>
   <motel motelID="mot052" custID="cust330" customerRating="2"/>
   <motel motelID="mot054" custID="cust331" customerRating="2"/>
   <motel motelID="mot012" custID="cust332" customerRating="2"/>
   <motel motelID="mot014" custID="cust333" customerRating="2"/>
   <motel motelID="mot017" custID="cust334" customerRating="2"/>
   <motel motelID="mot025" custID="cust335" customerRating="2"/>
   <motel motelID="mot041" custID="cust336" customerRating="2"/>
   <motel motelID="mot042" custID="cust337" customerRating="2"/>
   <motel motelID="mot046" custID="cust338" customerRating="2"/>
   <motel motelID="mot051" custID="cust339" customerRating="2"/>
   <motel motelID="mot056" custID="cust340" customerRating="1"/>
   <motel motelID="mot026" custID="cust341" customerRating="1"/>
   <motel motelID="mot030" custID="cust342" customerRating="1"/>
   <motel motelID="mot001" custID="cust343" customerRating="1"/>
   <motel motelID="mot034" custID="cust344" customerRating="1"/>
   <motel motelID="mot036" custID="cust345" customerRating="1"/>
   <motel motelID="mot044" custID="cust346" customerRating="1"/>
   <motel motelID="mot048" custID="cust347" customerRating="1"/>
   <motel motelID="mot040" custID="cust348" customerRating="1"/>
   <motel motelID="mot013" custID="cust349" customerRating="5"/>
   <motel motelID="mot020" custID="cust350" customerRating="5"/>
   <motel motelID="mot058" custID="cust351" customerRating="5"/>
   <motel motelID="mot001" custID="cust352" customerRating="5"/>
   <motel motelID="mot011" custID="cust353" customerRating="4"/>
   <motel motelID="mot018" custID="cust354" customerRating="4"/>
   <motel motelID="mot035" custID="cust355" customerRating="4"/>
   <motel motelID="mot039" custID="cust356" customerRating="4"/>
   <motel motelID="mot043" custID="cust357" customerRating="4"/>
   <motel motelID="mot016" custID="cust358" customerRating="4"/>
   <motel motelID="mot029" custID="cust359" customerRating="4"/>
   <motel motelID="mot037" custID="cust360" customerRating="4"/>
   <motel motelID="mot051" custID="cust361" customerRating="4"/>
   <motel motelID="mot004" custID="cust362" customerRating="3"/>
   <motel motelID="mot031" custID="cust363" customerRating="3"/>
   <motel motelID="mot002" custID="cust364" customerRating="3"/>
   <motel motelID="mot007" custID="cust365" customerRating="3"/>
   <motel motelID="mot008" custID="cust366" customerRating="3"/>
   <motel motelID="mot019" custID="cust367" customerRating="3"/>
   <motel motelID="mot032" custID="cust368" customerRating="3"/>
   <motel motelID="mot045" custID="cust369" customerRating="3"/>
   <motel motelID="mot053" custID="cust370" customerRating="3"/>
   <motel motelID="mot055" custID="cust371" customerRating="3"/>
   <motel motelID="mot003" custID="cust372" customerRating="3"/>
   <motel motelID="mot015" custID="cust373" customerRating="3"/>
   <motel motelID="mot023" custID="cust374" customerRating="3"/>
   <motel motelID="mot024" custID="cust375" customerRating="3"/>
   <motel motelID="mot026" custID="cust376" customerRating="3"/>
   <motel motelID="mot027" custID="cust377" customerRating="3"/>
   <motel motelID="mot030" custID="cust378" customerRating="3"/>
   <motel motelID="mot052" custID="cust379" customerRating="3"/>
   <motel motelID="mot054" custID="cust380" customerRating="3"/>
   <motel motelID="mot014" custID="cust381" customerRating="3"/>
   <motel motelID="mot041" custID="cust382" customerRating="3"/>
   <motel motelID="mot048" custID="cust383" customerRating="3"/>
   <motel motelID="mot028" custID="cust384" customerRating="2"/>
   <motel motelID="mot056" custID="cust385" customerRating="2"/>
   <motel motelID="mot009" custID="cust386" customerRating="2"/>
   <motel motelID="mot021" custID="cust387" customerRating="2"/>
   <motel motelID="mot033" custID="cust388" customerRating="2"/>
   <motel motelID="mot038" custID="cust389" customerRating="2"/>
   <motel motelID="mot050" custID="cust390" customerRating="2"/>
   <motel motelID="mot012" custID="cust391" customerRating="2"/>
   <motel motelID="mot017" custID="cust392" customerRating="2"/>
   <motel motelID="mot025" custID="cust393" customerRating="2"/>
   <motel motelID="mot040" custID="cust394" customerRating="2"/>
   <motel motelID="mot010" custID="cust395" customerRating="1"/>
   <motel motelID="mot047" custID="cust396" customerRating="1"/>
   <motel motelID="mot006" custID="cust397" customerRating="1"/>
   <motel motelID="mot049" custID="cust398" customerRating="1"/>
   <motel motelID="mot022" custID="cust399" customerRating="1"/>
   <motel motelID="mot057" custID="cust400" customerRating="1"/>
   <motel motelID="mot005" custID="cust401" customerRating="1"/>
   <motel motelID="mot034" custID="cust402" customerRating="1"/>
   <motel motelID="mot036" custID="cust403" customerRating="1"/>
   <motel motelID="mot042" custID="cust404" customerRating="1"/>
   <motel motelID="mot044" custID="cust405" customerRating="1"/>
   <motel motelID="mot046" custID="cust406" customerRating="1"/>
   <motel motelID="mot004" custID="cust407" customerRating="5"/>
   <motel motelID="mot031" custID="cust408" customerRating="5"/>
   <motel motelID="mot002" custID="cust409" customerRating="5"/>
   <motel motelID="mot043" custID="cust410" customerRating="5"/>
   <motel motelID="mot056" custID="cust411" customerRating="5"/>
   <motel motelID="mot058" custID="cust412" customerRating="5"/>
   <motel motelID="mot026" custID="cust413" customerRating="5"/>
   <motel motelID="mot033" custID="cust414" customerRating="5"/>
   <motel motelID="mot010" custID="cust415" customerRating="4"/>
   <motel motelID="mot007" custID="cust416" customerRating="4"/>
   <motel motelID="mot008" custID="cust417" customerRating="4"/>
   <motel motelID="mot018" custID="cust418" customerRating="4"/>
   <motel motelID="mot035" custID="cust419" customerRating="4"/>
   <motel motelID="mot049" custID="cust420" customerRating="4"/>
   <motel motelID="mot053" custID="cust421" customerRating="4"/>
   <motel motelID="mot015" custID="cust422" customerRating="4"/>
   <motel motelID="mot021" custID="cust423" customerRating="4"/>
   <motel motelID="mot022" custID="cust424" customerRating="4"/>
   <motel motelID="mot024" custID="cust425" customerRating="4"/>
   <motel motelID="mot036" custID="cust426" customerRating="4"/>
   <motel motelID="mot041" custID="cust427" customerRating="4"/>
   <motel motelID="mot006" custID="cust428" customerRating="3"/>
   <motel motelID="mot011" custID="cust429" customerRating="3"/>
   <motel motelID="mot003" custID="cust430" customerRating="3"/>
   <motel motelID="mot037" custID="cust431" customerRating="3"/>
   <motel motelID="mot005" custID="cust432" customerRating="3"/>
   <motel motelID="mot014" custID="cust433" customerRating="3"/>
   <motel motelID="mot025" custID="cust434" customerRating="3"/>
   <motel motelID="mot046" custID="cust435" customerRating="3"/>
   <motel motelID="mot051" custID="cust436" customerRating="3"/>
   <motel motelID="mot013" custID="cust437" customerRating="2"/>
   <motel motelID="mot047" custID="cust438" customerRating="2"/>
   <motel motelID="mot019" custID="cust439" customerRating="2"/>
   <motel motelID="mot028" custID="cust440" customerRating="2"/>
   <motel motelID="mot045" custID="cust441" customerRating="2"/>
   <motel motelID="mot055" custID="cust442" customerRating="2"/>
   <motel motelID="mot023" custID="cust443" customerRating="2"/>
   <motel motelID="mot050" custID="cust444" customerRating="2"/>
   <motel motelID="mot052" custID="cust445" customerRating="2"/>
   <motel motelID="mot057" custID="cust446" customerRating="2"/>
   <motel motelID="mot012" custID="cust447" customerRating="2"/>
   <motel motelID="mot042" custID="cust448" customerRating="2"/>
   <motel motelID="mot040" custID="cust449" customerRating="2"/>
   <motel motelID="mot009" custID="cust450" customerRating="1"/>
   <motel motelID="mot016" custID="cust451" customerRating="1"/>
   <motel motelID="mot027" custID="cust452" customerRating="1"/>
   <motel motelID="mot029" custID="cust453" customerRating="1"/>
   <motel motelID="mot030" custID="cust454" customerRating="1"/>
   <motel motelID="mot038" custID="cust455" customerRating="1"/>
   <motel motelID="mot054" custID="cust456" customerRating="1"/>
   <motel motelID="mot001" custID="cust457" customerRating="1"/>
   <motel motelID="mot017" custID="cust458" customerRating="1"/>
   <motel motelID="mot044" custID="cust459" customerRating="1"/>
   <motel motelID="mot048" custID="cust460" customerRating="1"/>
   <motel motelID="mot011" custID="cust461" customerRating="5"/>
   <motel motelID="mot018" custID="cust462" customerRating="5"/>
   <motel motelID="mot053" custID="cust463" customerRating="5"/>
   <motel motelID="mot056" custID="cust464" customerRating="5"/>
   <motel motelID="mot024" custID="cust465" customerRating="5"/>
   <motel motelID="mot036" custID="cust466" customerRating="5"/>
   <motel motelID="mot010" custID="cust467" customerRating="4"/>
   <motel motelID="mot031" custID="cust468" customerRating="4"/>
   <motel motelID="mot047" custID="cust469" customerRating="4"/>
   <motel motelID="mot045" custID="cust470" customerRating="4"/>
   <motel motelID="mot049" custID="cust471" customerRating="4"/>
   <motel motelID="mot058" custID="cust472" customerRating="4"/>
   <motel motelID="mot026" custID="cust473" customerRating="4"/>
   <motel motelID="mot029" custID="cust474" customerRating="4"/>
   <motel motelID="mot037" custID="cust475" customerRating="4"/>
   <motel motelID="mot057" custID="cust476" customerRating="4"/>
   <motel motelID="mot019" custID="cust477" customerRating="3"/>
   <motel motelID="mot028" custID="cust478" customerRating="3"/>
   <motel motelID="mot055" custID="cust479" customerRating="3"/>
   <motel motelID="mot021" custID="cust480" customerRating="3"/>
   <motel motelID="mot022" custID="cust481" customerRating="3"/>
   <motel motelID="mot050" custID="cust482" customerRating="3"/>
   <motel motelID="mot042" custID="cust483" customerRating="3"/>
   <motel motelID="mot048" custID="cust484" customerRating="3"/>
   <motel motelID="mot051" custID="cust485" customerRating="3"/>
   <motel motelID="mot002" custID="cust486" customerRating="2"/>
   <motel motelID="mot007" custID="cust487" customerRating="2"/>
   <motel motelID="mot008" custID="cust488" customerRating="2"/>
   <motel motelID="mot043" custID="cust489" customerRating="2"/>
   <motel motelID="mot003" custID="cust490" customerRating="2"/>
   <motel motelID="mot015" custID="cust491" customerRating="2"/>
   <motel motelID="mot023" custID="cust492" customerRating="2"/>
   <motel motelID="mot038" custID="cust493" customerRating="2"/>
   <motel motelID="mot052" custID="cust494" customerRating="2"/>
   <motel motelID="mot054" custID="cust495" customerRating="2"/>
   <motel motelID="mot001" custID="cust496" customerRating="2"/>
   <motel motelID="mot014" custID="cust497" customerRating="2"/>
   <motel motelID="mot044" custID="cust498" customerRating="2"/>
   <motel motelID="mot013" custID="cust499" customerRating="1"/>
   <motel motelID="mot009" custID="cust500" customerRating="1"/>
   <motel motelID="mot016" custID="cust501" customerRating="1"/>
   <motel motelID="mot027" custID="cust502" customerRating="1"/>
   <motel motelID="mot030" custID="cust503" customerRating="1"/>
   <motel motelID="mot033" custID="cust504" customerRating="1"/>
   <motel motelID="mot005" custID="cust505" customerRating="1"/>
   <motel motelID="mot012" custID="cust506" customerRating="1"/>
   <motel motelID="mot017" custID="cust507" customerRating="1"/>
   <motel motelID="mot025" custID="cust508" customerRating="1"/>
   <motel motelID="mot041" custID="cust509" customerRating="1"/>
   <motel motelID="mot046" custID="cust510" customerRating="1"/>
   <motel motelID="mot040" custID="cust511" customerRating="1"/>
   <motel motelID="mot010" custID="cust512" customerRating="5"/>
   <motel motelID="mot013" custID="cust513" customerRating="5"/>
   <motel motelID="mot031" custID="cust514" customerRating="5"/>
   <motel motelID="mot047" custID="cust515" customerRating="5"/>
   <motel motelID="mot002" custID="cust516" customerRating="5"/>
   <motel motelID="mot018" custID="cust517" customerRating="5"/>
   <motel motelID="mot019" custID="cust518" customerRating="5"/>
   <motel motelID="mot007" custID="cust519" customerRating="4"/>
   <motel motelID="mot049" custID="cust520" customerRating="4"/>
   <motel motelID="mot053" custID="cust521" customerRating="4"/>
   <motel motelID="mot055" custID="cust522" customerRating="4"/>
   <motel motelID="mot058" custID="cust523" customerRating="4"/>
   <motel motelID="mot021" custID="cust524" customerRating="4"/>
   <motel motelID="mot024" custID="cust525" customerRating="4"/>
   <motel motelID="mot029" custID="cust526" customerRating="4"/>
   <motel motelID="mot057" custID="cust527" customerRating="4"/>
   <motel motelID="mot036" custID="cust528" customerRating="4"/>
   <motel motelID="mot051" custID="cust529" customerRating="4"/>
   <motel motelID="mot043" custID="cust530" customerRating="3"/>
   <motel motelID="mot045" custID="cust531" customerRating="3"/>
   <motel motelID="mot003" custID="cust532" customerRating="3"/>
   <motel motelID="mot009" custID="cust533" customerRating="3"/>
   <motel motelID="mot015" custID="cust534" customerRating="3"/>
   <motel motelID="mot026" custID="cust535" customerRating="3"/>
   <motel motelID="mot027" custID="cust536" customerRating="3"/>
   <motel motelID="mot033" custID="cust537" customerRating="3"/>
   <motel motelID="mot038" custID="cust538" customerRating="3"/>
   <motel motelID="mot005" custID="cust539" customerRating="3"/>
   <motel motelID="mot012" custID="cust540" customerRating="3"/>
   <motel motelID="mot041" custID="cust541" customerRating="3"/>
   <motel motelID="mot008" custID="cust542" customerRating="2"/>
   <motel motelID="mot028" custID="cust543" customerRating="2"/>
   <motel motelID="mot016" custID="cust544" customerRating="2"/>
   <motel motelID="mot023" custID="cust545" customerRating="2"/>
   <motel motelID="mot030" custID="cust546" customerRating="2"/>
   <motel motelID="mot050" custID="cust547" customerRating="2"/>
   <motel motelID="mot052" custID="cust548" customerRating="2"/>
   <motel motelID="mot054" custID="cust549" customerRating="2"/>
   <motel motelID="mot042" custID="cust550" customerRating="2"/>
   <motel motelID="mot044" custID="cust551" customerRating="2"/>
   <motel motelID="mot046" custID="cust552" customerRating="2"/>
   <motel motelID="mot048" custID="cust553" customerRating="2"/>
   <motel motelID="mot056" custID="cust554" customerRating="1"/>
   <motel motelID="mot022" custID="cust555" customerRating="1"/>
   <motel motelID="mot001" custID="cust556" customerRating="1"/>
   <motel motelID="mot014" custID="cust557" customerRating="1"/>
   <motel motelID="mot040" custID="cust558" customerRating="1"/>
   <motel motelID="mot047" custID="cust559" customerRating="5"/>
   <motel motelID="mot043" custID="cust560" customerRating="5"/>
   <motel motelID="mot049" custID="cust561" customerRating="5"/>
   <motel motelID="mot053" custID="cust562" customerRating="5"/>
   <motel motelID="mot058" custID="cust563" customerRating="5"/>
   <motel motelID="mot002" custID="cust564" customerRating="4"/>
   <motel motelID="mot007" custID="cust565" customerRating="4"/>
   <motel motelID="mot018" custID="cust566" customerRating="4"/>
   <motel motelID="mot028" custID="cust567" customerRating="4"/>
   <motel motelID="mot045" custID="cust568" customerRating="4"/>
   <motel motelID="mot055" custID="cust569" customerRating="4"/>
   <motel motelID="mot024" custID="cust570" customerRating="4"/>
   <motel motelID="mot027" custID="cust571" customerRating="4"/>
   <motel motelID="mot005" custID="cust572" customerRating="4"/>
   <motel motelID="mot010" custID="cust573" customerRating="3"/>
   <motel motelID="mot008" custID="cust574" customerRating="3"/>
   <motel motelID="mot016" custID="cust575" customerRating="3"/>
   <motel motelID="mot022" custID="cust576" customerRating="3"/>
   <motel motelID="mot023" custID="cust577" customerRating="3"/>
   <motel motelID="mot042" custID="cust578" customerRating="3"/>
   <motel motelID="mot044" custID="cust579" customerRating="3"/>
   <motel motelID="mot003" custID="cust580" customerRating="2"/>
   <motel motelID="mot009" custID="cust581" customerRating="2"/>
   <motel motelID="mot026" custID="cust582" customerRating="2"/>
   <motel motelID="mot030" custID="cust583" customerRating="2"/>
   <motel motelID="mot033" custID="cust584" customerRating="2"/>
   <motel motelID="mot054" custID="cust585" customerRating="2"/>
   <motel motelID="mot057" custID="cust586" customerRating="2"/>
   <motel motelID="mot041" custID="cust587" customerRating="2"/>
   <motel motelID="mot048" custID="cust588" customerRating="2"/>
   <motel motelID="mot051" custID="cust589" customerRating="2"/>
   <motel motelID="mot040" custID="cust590" customerRating="2"/>
   <motel motelID="mot031" custID="cust591" customerRating="1"/>
   <motel motelID="mot019" custID="cust592" customerRating="1"/>
   <motel motelID="mot038" custID="cust593" customerRating="1"/>
   <motel motelID="mot050" custID="cust594" customerRating="1"/>
   <motel motelID="mot052" custID="cust595" customerRating="1"/>
   <motel motelID="mot001" custID="cust596" customerRating="1"/>
   <motel motelID="mot014" custID="cust597" customerRating="1"/>
   <motel motelID="mot046" custID="cust598" customerRating="1"/>
   <motel motelID="mot050" custID="cust599" customerRating="5"/>
   <motel motelID="mot041" custID="cust600" customerRating="5"/>
   <motel motelID="mot051" custID="cust601" customerRating="5"/>
   <motel motelID="mot010" custID="cust602" customerRating="4"/>
   <motel motelID="mot002" custID="cust603" customerRating="4"/>
   <motel motelID="mot007" custID="cust604" customerRating="4"/>
   <motel motelID="mot008" custID="cust605" customerRating="4"/>
   <motel motelID="mot018" custID="cust606" customerRating="4"/>
   <motel motelID="mot019" custID="cust607" customerRating="4"/>
   <motel motelID="mot028" custID="cust608" customerRating="4"/>
   <motel motelID="mot053" custID="cust609" customerRating="4"/>
   <motel motelID="mot058" custID="cust610" customerRating="4"/>
   <motel motelID="mot026" custID="cust611" customerRating="4"/>
   <motel motelID="mot031" custID="cust612" customerRating="3"/>
   <motel motelID="mot003" custID="cust613" customerRating="3"/>
   <motel motelID="mot022" custID="cust614" customerRating="3"/>
   <motel motelID="mot038" custID="cust615" customerRating="3"/>
   <motel motelID="mot057" custID="cust616" customerRating="3"/>
   <motel motelID="mot046" custID="cust617" customerRating="3"/>
   <motel motelID="mot040" custID="cust618" customerRating="3"/>
   <motel motelID="mot045" custID="cust619" customerRating="2"/>
   <motel motelID="mot009" custID="cust620" customerRating="2"/>
   <motel motelID="mot027" custID="cust621" customerRating="2"/>
   <motel motelID="mot030" custID="cust622" customerRating="2"/>
   <motel motelID="mot033" custID="cust623" customerRating="2"/>
   <motel motelID="mot054" custID="cust624" customerRating="2"/>
   <motel motelID="mot001" custID="cust625" customerRating="2"/>
   <motel motelID="mot042" custID="cust626" customerRating="2"/>
   <motel motelID="mot048" custID="cust627" customerRating="2"/>
   <motel motelID="mot049" custID="cust628" customerRating="1"/>
   <motel motelID="mot023" custID="cust629" customerRating="1"/>
   <motel motelID="mot052" custID="cust630" customerRating="1"/>
   <motel motelID="mot005" custID="cust631" customerRating="1"/>
   <motel motelID="mot014" custID="cust632" customerRating="1"/>
   <motel motelID="mot019" custID="cust633" customerRating="5"/>
   <motel motelID="mot031" custID="cust634" customerRating="4"/>
   <motel motelID="mot002" custID="cust635" customerRating="4"/>
   <motel motelID="mot007" custID="cust636" customerRating="4"/>
   <motel motelID="mot009" custID="cust637" customerRating="4"/>
   <motel motelID="mot038" custID="cust638" customerRating="4"/>
   <motel motelID="mot054" custID="cust639" customerRating="4"/>
   <motel motelID="mot001" custID="cust640" customerRating="4"/>
   <motel motelID="mot042" custID="cust641" customerRating="4"/>
   <motel motelID="mot010" custID="cust642" customerRating="3"/>
   <motel motelID="mot049" custID="cust643" customerRating="3"/>
   <motel motelID="mot003" custID="cust644" customerRating="3"/>
   <motel motelID="mot022" custID="cust645" customerRating="3"/>
   <motel motelID="mot050" custID="cust646" customerRating="3"/>
   <motel motelID="mot041" custID="cust647" customerRating="3"/>
   <motel motelID="mot046" custID="cust648" customerRating="3"/>
   <motel motelID="mot008" custID="cust649" customerRating="2"/>
   <motel motelID="mot045" custID="cust650" customerRating="2"/>
   <motel motelID="mot023" custID="cust651" customerRating="2"/>
   <motel motelID="mot026" custID="cust652" customerRating="2"/>
   <motel motelID="mot030" custID="cust653" customerRating="2"/>
   <motel motelID="mot052" custID="cust654" customerRating="2"/>
   <motel motelID="mot057" custID="cust655" customerRating="2"/>
   <motel motelID="mot005" custID="cust656" customerRating="2"/>
   <motel motelID="mot014" custID="cust657" customerRating="2"/>
   <motel motelID="mot048" custID="cust658" customerRating="2"/>
   <motel motelID="mot051" custID="cust659" customerRating="2"/>
   <motel motelID="mot018" custID="cust660" customerRating="1"/>
   <motel motelID="mot028" custID="cust661" customerRating="1"/>
   <motel motelID="mot058" custID="cust662" customerRating="1"/>
   <motel motelID="mot033" custID="cust663" customerRating="1"/>
   <motel motelID="mot040" custID="cust664" customerRating="1"/>
   <motel motelID="mot019" custID="cust665" customerRating="5"/>
   <motel motelID="mot009" custID="cust666" customerRating="5"/>
   <motel motelID="mot057" custID="cust667" customerRating="5"/>
   <motel motelID="mot001" custID="cust668" customerRating="5"/>
   <motel motelID="mot002" custID="cust669" customerRating="4"/>
   <motel motelID="mot008" custID="cust670" customerRating="4"/>
   <motel motelID="mot049" custID="cust671" customerRating="4"/>
   <motel motelID="mot003" custID="cust672" customerRating="4"/>
   <motel motelID="mot052" custID="cust673" customerRating="4"/>
   <motel motelID="mot014" custID="cust674" customerRating="4"/>
   <motel motelID="mot018" custID="cust675" customerRating="3"/>
   <motel motelID="mot028" custID="cust676" customerRating="3"/>
   <motel motelID="mot045" custID="cust677" customerRating="3"/>
   <motel motelID="mot023" custID="cust678" customerRating="3"/>
   <motel motelID="mot038" custID="cust679" customerRating="3"/>
   <motel motelID="mot042" custID="cust680" customerRating="3"/>
   <motel motelID="mot022" custID="cust681" customerRating="2"/>
   <motel motelID="mot026" custID="cust682" customerRating="2"/>
   <motel motelID="mot030" custID="cust683" customerRating="2"/>
   <motel motelID="mot051" custID="cust684" customerRating="2"/>
   <motel motelID="mot007" custID="cust685" customerRating="1"/>
   <motel motelID="mot033" custID="cust686" customerRating="1"/>
   <motel motelID="mot050" custID="cust687" customerRating="1"/>
   <motel motelID="mot005" custID="cust688" customerRating="1"/>
   <motel motelID="mot041" custID="cust689" customerRating="1"/>
   <motel motelID="mot046" custID="cust690" customerRating="1"/>
   <motel motelID="mot048" custID="cust691" customerRating="1"/>
   <motel motelID="mot040" custID="cust692" customerRating="1"/>
   <motel motelID="mot007" custID="cust693" customerRating="5"/>
   <motel motelID="mot045" custID="cust694" customerRating="5"/>
   <motel motelID="mot033" custID="cust695" customerRating="5"/>
   <motel motelID="mot001" custID="cust696" customerRating="5"/>
   <motel motelID="mot005" custID="cust697" customerRating="5"/>
   <motel motelID="mot028" custID="cust698" customerRating="4"/>
   <motel motelID="mot022" custID="cust699" customerRating="4"/>
   <motel motelID="mot057" custID="cust700" customerRating="4"/>
   <motel motelID="mot040" custID="cust701" customerRating="4"/>
   <motel motelID="mot008" custID="cust702" customerRating="3"/>
   <motel motelID="mot049" custID="cust703" customerRating="3"/>
   <motel motelID="mot003" custID="cust704" customerRating="3"/>
   <motel motelID="mot052" custID="cust705" customerRating="3"/>
   <motel motelID="mot046" custID="cust706" customerRating="3"/>
   <motel motelID="mot018" custID="cust707" customerRating="2"/>
   <motel motelID="mot041" custID="cust708" customerRating="2"/>
   <motel motelID="mot048" custID="cust709" customerRating="2"/>
   <motel motelID="mot019" custID="cust710" customerRating="1"/>
   <motel motelID="mot026" custID="cust711" customerRating="1"/>
   <motel motelID="mot030" custID="cust712" customerRating="1"/>
   <motel motelID="mot050" custID="cust713" customerRating="1"/>
   <motel motelID="mot014" custID="cust714" customerRating="1"/>
   <motel motelID="mot051" custID="cust715" customerRating="1"/>
   <motel motelID="mot045" custID="cust716" customerRating="5"/>
   <motel motelID="mot049" custID="cust717" customerRating="5"/>
   <motel motelID="mot052" custID="cust718" customerRating="5"/>
   <motel motelID="mot005" custID="cust719" customerRating="5"/>
   <motel motelID="mot007" custID="cust720" customerRating="4"/>
   <motel motelID="mot008" custID="cust721" customerRating="4"/>
   <motel motelID="mot019" custID="cust722" customerRating="4"/>
   <motel motelID="mot028" custID="cust723" customerRating="4"/>
   <motel motelID="mot003" custID="cust724" customerRating="4"/>
   <motel motelID="mot026" custID="cust725" customerRating="3"/>
   <motel motelID="mot046" custID="cust726" customerRating="3"/>
   <motel motelID="mot018" custID="cust727" customerRating="2"/>
   <motel motelID="mot033" custID="cust728" customerRating="2"/>
   <motel motelID="mot014" custID="cust729" customerRating="2"/>
   <motel motelID="mot041" custID="cust730" customerRating="2"/>
   <motel motelID="mot051" custID="cust731" customerRating="2"/>
   <motel motelID="mot040" custID="cust732" customerRating="2"/>
   <motel motelID="mot030" custID="cust733" customerRating="1"/>
   <motel motelID="mot057" custID="cust734" customerRating="1"/>
   <motel motelID="mot051" custID="cust735" customerRating="5"/>
   <motel motelID="mot008" custID="cust736" customerRating="4"/>
   <motel motelID="mot018" custID="cust737" customerRating="4"/>
   <motel motelID="mot019" custID="cust738" customerRating="4"/>
   <motel motelID="mot052" custID="cust739" customerRating="4"/>
   <motel motelID="mot046" custID="cust740" customerRating="4"/>
   <motel motelID="mot040" custID="cust741" customerRating="4"/>
   <motel motelID="mot030" custID="cust742" customerRating="3"/>
   <motel motelID="mot057" custID="cust743" customerRating="3"/>
   <motel motelID="mot041" custID="cust744" customerRating="2"/>
   <motel motelID="mot014" custID="cust745" customerRating="1"/>
   <motel motelID="mot018" custID="cust746" customerRating="3"/>
   <motel motelID="mot008" custID="cust747" customerRating="2"/>
   <motel motelID="mot014" custID="cust748" customerRating="2"/>
   <motel motelID="mot040" custID="cust749" customerRating="2"/>
   <motel motelID="mot051" custID="cust750" customerRating="1"/>
</customers>